index,confidence,hand,time,X_WRIST,Y_WRIST,Z_WRIST,X_THUMB_CMC,Y_THUMB_CMC,Z_THUMB_CMC,X_THUMB_MCP,Y_THUMB_MCP,Z_THUMB_MCP,X_THUMB_IP,Y_THUMB_IP,Z_THUMB_IP,X_THUMB_TIP,Y_THUMB_TIP,Z_THUMB_TIP,X_INDEX_MCP,Y_INDEX_MCP,Z_INDEX_MCP,X_INDEX_PIP,Y_INDEX_PIP,Z_INDEX_PIP,X_INDEX_DIP,Y_INDEX_DIP,Z_INDEX_DIP,X_INDEX_TIP,Y_INDEX_TIP,Z_INDEX_TIP,X_MIDDLE_MCP,Y_MIDDLE_MCP,Z_MIDDLE_MCP,X_MIDDLE_PIP,Y_MIDDLE_PIP,Z_MIDDLE_PIP,X_MIDDLE_DIP,Y_MIDDLE_DIP,Z_MIDDLE_DIP,X_MIDDLE_TIP,Y_MIDDLE_TIP,Z_MIDDLE_TIP,X_RING_MCP,Y_RING_MCP,Z_RING_MCP,X_RING_TIP,Y_RING_TIP,Z_RING_TIP,X_RING_DIP,Y_RING_DIP,Z_RING_DIP,X_RING_TIP,Y_RING_TIP,Z_RING_TIP,X_PINKY_MCP,Y_PINKY_MCP,Z_PINKY_MCP,X_PINKY_PIP,Y_PINKY_PIP,Z_PINKY_PIP,X_PINKY_DIP,Y_PINKY_DIP,Z_PINKY_DIP,X_PINKY_TIP,Y_PINKY_TIP,Z_PINKY_TIP
NA
NA
NA
NA
NA
NA
NA
NA
NA
NA
NA
NA
NA
NA
NA
NA
NA
NA
NA
NA
NA
NA
NA
NA
NA
NA
NA
28,  score: 0.974730372428894,"  label: ""Right""",891,0.7461487650871277,0.7492355108261108,-1.0594767445581965e-05,0.7477573752403259,0.7157405614852905,0.01088120136409998,0.7546379566192627,0.6921361684799194,0.01181405782699585,0.7585945129394531,0.6743853688240051,0.007259639911353588,0.7625210285186768,0.6609065532684326,0.0013057010946795344,0.7710707783699036,0.6876094937324524,0.015619114972651005,0.7780374884605408,0.6675989031791687,0.008464351296424866,0.772346556186676,0.6602082252502441,-0.0027344939298927784,0.764610767364502,0.6620837450027466,-0.009984222240746021,0.77281653881073,0.6945583820343018,0.004012132529169321,0.7796823978424072,0.6720794439315796,-0.0031223446130752563,0.7728281617164612,0.6628056764602661,-0.014670020900666714,0.7645969390869141,0.6638467311859131,-0.022341296076774597,0.7723827958106995,0.7024932503700256,-0.007517436984926462,0.779228687286377,0.6801630854606628,-0.014213440008461475,0.7732996940612793,0.6698083281517029,-0.02215251512825489,0.7659551501274109,0.6688433885574341,-0.026086587458848953,0.7703026533126831,0.7112880945205688,-0.01793086528778076,0.7764866948127747,0.6940751075744629,-0.02483210898935795,0.7742143273353577,0.68193519115448,-0.029163824394345284,0.7696797847747803,0.6756563782691956,-0.03177427500486374
NA
NA
NA
NA
NA
NA
