index,confidence,hand,time,X_WRIST,Y_WRIST,Z_WRIST,X_THUMB_CMC,Y_THUMB_CMC,Z_THUMB_CMC,X_THUMB_MCP,Y_THUMB_MCP,Z_THUMB_MCP,X_THUMB_IP,Y_THUMB_IP,Z_THUMB_IP,X_THUMB_TIP,Y_THUMB_TIP,Z_THUMB_TIP,X_INDEX_MCP,Y_INDEX_MCP,Z_INDEX_MCP,X_INDEX_PIP,Y_INDEX_PIP,Z_INDEX_PIP,X_INDEX_DIP,Y_INDEX_DIP,Z_INDEX_DIP,X_INDEX_TIP,Y_INDEX_TIP,Z_INDEX_TIP,X_MIDDLE_MCP,Y_MIDDLE_MCP,Z_MIDDLE_MCP,X_MIDDLE_PIP,Y_MIDDLE_PIP,Z_MIDDLE_PIP,X_MIDDLE_DIP,Y_MIDDLE_DIP,Z_MIDDLE_DIP,X_MIDDLE_TIP,Y_MIDDLE_TIP,Z_MIDDLE_TIP,X_RING_MCP,Y_RING_MCP,Z_RING_MCP,X_RING_TIP,Y_RING_TIP,Z_RING_TIP,X_RING_DIP,Y_RING_DIP,Z_RING_DIP,X_RING_TIP,Y_RING_TIP,Z_RING_TIP,X_PINKY_MCP,Y_PINKY_MCP,Z_PINKY_MCP,X_PINKY_PIP,Y_PINKY_PIP,Z_PINKY_PIP,X_PINKY_DIP,Y_PINKY_DIP,Z_PINKY_DIP,X_PINKY_TIP,Y_PINKY_TIP,Z_PINKY_TIP
NA
NA
NA
NA
NA
NA
NA
NA
NA
10,  score: 0.9784730672836304,"  label: ""Left""",297,0.7291327714920044,0.2256285846233368,2.8181705147289904e-06,0.7420094013214111,0.255074679851532,-0.03262622281908989,0.7542131543159485,0.26898449659347534,-0.06251706182956696,0.7675613760948181,0.2720751166343689,-0.08535376191139221,0.7796685099601746,0.2701394259929657,-0.1074553057551384,0.7448046207427979,0.22783400118350983,-0.08381906896829605,0.7649629712104797,0.22218525409698486,-0.11318527907133102,0.7770315408706665,0.22169533371925354,-0.1290585845708847,0.7804775238037109,0.22075919806957245,-0.13819345831871033,0.7451834082603455,0.20103417336940765,-0.07611821591854095,0.7706000804901123,0.18607114255428314,-0.10655883699655533,0.7823710441589355,0.19101542234420776,-0.11324933916330338,0.7828257083892822,0.19542688131332397,-0.11436528712511063,0.7470617890357971,0.18012094497680664,-0.06766662746667862,0.7715263366699219,0.16130058467388153,-0.09132584929466248,0.7811586260795593,0.1644206941127777,-0.09608665108680725,0.781341552734375,0.1665339469909668,-0.09768129140138626,0.7490422129631042,0.16656361520290375,-0.05989877134561539,0.7656043767929077,0.14200694859027863,-0.07500530779361725,0.7732208371162415,0.13571445643901825,-0.07950659841299057,0.7730820178985596,0.1325892210006714,-0.08063437044620514
NA
NA
