index,confidence,hand,time,X_WRIST,Y_WRIST,Z_WRIST,X_THUMB_CMC,Y_THUMB_CMC,Z_THUMB_CMC,X_THUMB_MCP,Y_THUMB_MCP,Z_THUMB_MCP,X_THUMB_IP,Y_THUMB_IP,Z_THUMB_IP,X_THUMB_TIP,Y_THUMB_TIP,Z_THUMB_TIP,X_INDEX_MCP,Y_INDEX_MCP,Z_INDEX_MCP,X_INDEX_PIP,Y_INDEX_PIP,Z_INDEX_PIP,X_INDEX_DIP,Y_INDEX_DIP,Z_INDEX_DIP,X_INDEX_TIP,Y_INDEX_TIP,Z_INDEX_TIP,X_MIDDLE_MCP,Y_MIDDLE_MCP,Z_MIDDLE_MCP,X_MIDDLE_PIP,Y_MIDDLE_PIP,Z_MIDDLE_PIP,X_MIDDLE_DIP,Y_MIDDLE_DIP,Z_MIDDLE_DIP,X_MIDDLE_TIP,Y_MIDDLE_TIP,Z_MIDDLE_TIP,X_RING_MCP,Y_RING_MCP,Z_RING_MCP,X_RING_TIP,Y_RING_TIP,Z_RING_TIP,X_RING_DIP,Y_RING_DIP,Z_RING_DIP,X_RING_TIP,Y_RING_TIP,Z_RING_TIP,X_PINKY_MCP,Y_PINKY_MCP,Z_PINKY_MCP,X_PINKY_PIP,Y_PINKY_PIP,Z_PINKY_PIP,X_PINKY_DIP,Y_PINKY_DIP,Z_PINKY_DIP,X_PINKY_TIP,Y_PINKY_TIP,Z_PINKY_TIP
NA
2,  score: 0.8789257407188416,"  label: ""Right""",33,0.3927997648715973,0.1851835995912552,-2.1991274479660206e-05,0.42756080627441406,0.21153852343559265,0.024288713932037354,0.4543210566043854,0.2068617343902588,0.036701273173093796,0.47145983576774597,0.19192443788051605,0.04743809625506401,0.47982680797576904,0.17826375365257263,0.05412685126066208,0.47031205892562866,0.16922467947006226,0.011697881855070591,0.4800780713558197,0.15205389261245728,0.036978308111429214,0.4693557024002075,0.15810737013816833,0.045314107090234756,0.4603234827518463,0.16411542892456055,0.03956855461001396,0.45955559611320496,0.1460924744606018,0.005314111243933439,0.4628920257091522,0.13582675158977509,0.037620268762111664,0.45106402039527893,0.14569321274757385,0.042232658714056015,0.441582590341568,0.15632852911949158,0.033018846064805984,0.44507476687431335,0.12550221383571625,0.004801788367331028,0.44918644428253174,0.115931436419487,0.03751060739159584,0.4372774362564087,0.126856729388237,0.03745643422007561,0.42821091413497925,0.13657762110233307,0.02675683982670307,0.43029484152793884,0.10821288824081421,0.005055575165897608,0.44626709818840027,0.08225905895233154,0.014401027001440525,0.45583420991897583,0.06667294353246689,0.014350519515573978,0.4639977514743805,0.05567169189453125,0.009025081992149353
NA
NA
NA
NA
NA
NA
NA
NA
NA
NA
NA
NA
NA
NA
NA
NA
NA
NA
NA
NA
NA
NA
NA
NA
NA
NA
NA
NA
NA
NA
NA
NA
NA
NA
NA
NA
NA
NA
NA
NA
NA
NA
NA
NA
NA
NA
NA
NA
NA
NA
NA
NA
NA
NA
