index,confidence,hand,time,X_WRIST,Y_WRIST,Z_WRIST,X_THUMB_CMC,Y_THUMB_CMC,Z_THUMB_CMC,X_THUMB_MCP,Y_THUMB_MCP,Z_THUMB_MCP,X_THUMB_IP,Y_THUMB_IP,Z_THUMB_IP,X_THUMB_TIP,Y_THUMB_TIP,Z_THUMB_TIP,X_INDEX_MCP,Y_INDEX_MCP,Z_INDEX_MCP,X_INDEX_PIP,Y_INDEX_PIP,Z_INDEX_PIP,X_INDEX_DIP,Y_INDEX_DIP,Z_INDEX_DIP,X_INDEX_TIP,Y_INDEX_TIP,Z_INDEX_TIP,X_MIDDLE_MCP,Y_MIDDLE_MCP,Z_MIDDLE_MCP,X_MIDDLE_PIP,Y_MIDDLE_PIP,Z_MIDDLE_PIP,X_MIDDLE_DIP,Y_MIDDLE_DIP,Z_MIDDLE_DIP,X_MIDDLE_TIP,Y_MIDDLE_TIP,Z_MIDDLE_TIP,X_RING_MCP,Y_RING_MCP,Z_RING_MCP,X_RING_TIP,Y_RING_TIP,Z_RING_TIP,X_RING_DIP,Y_RING_DIP,Z_RING_DIP,X_RING_TIP,Y_RING_TIP,Z_RING_TIP,X_PINKY_MCP,Y_PINKY_MCP,Z_PINKY_MCP,X_PINKY_PIP,Y_PINKY_PIP,Z_PINKY_PIP,X_PINKY_DIP,Y_PINKY_DIP,Z_PINKY_DIP,X_PINKY_TIP,Y_PINKY_TIP,Z_PINKY_TIP
NA
NA
3,  score: 0.9998127818107605,"  label: ""Left""",66,0.6244005560874939,0.6833919286727905,-2.081676029774826e-05,0.6365917325019836,0.664957582950592,-0.00664908904582262,0.6421410441398621,0.6428441405296326,-0.01320717390626669,0.6454700827598572,0.6254692673683167,-0.019718483090400696,0.6473376750946045,0.6108869314193726,-0.02619125507771969,0.6265196800231934,0.6349954009056091,-0.015926377847790718,0.6247246265411377,0.6136719584465027,-0.025496097281575203,0.6238106489181519,0.6003026962280273,-0.030627649277448654,0.6243689656257629,0.5886170864105225,-0.03446571156382561,0.618790864944458,0.6384850144386292,-0.01823212206363678,0.6158722639083862,0.6183470487594604,-0.030403267592191696,0.6137802004814148,0.6037284731864929,-0.03892219439148903,0.6130583882331848,0.5901221632957458,-0.04434093460440636,0.6125448942184448,0.6445935964584351,-0.020345792174339294,0.6082781553268433,0.6264966130256653,-0.030754869803786278,0.6066762804985046,0.6133980751037598,-0.038209859281778336,0.6065894961357117,0.6015276312828064,-0.04308167099952698,0.6078441143035889,0.6529077887535095,-0.02280285395681858,0.6041454672813416,0.6382854580879211,-0.03138020262122154,0.6021203994750977,0.6282951235771179,-0.0369369201362133,0.601207435131073,0.6183615326881409,-0.040424495935440063
NA
NA
NA
NA
NA
NA
NA
NA
NA
NA
