index,confidence,hand,time,X_WRIST,Y_WRIST,Z_WRIST,X_THUMB_CMC,Y_THUMB_CMC,Z_THUMB_CMC,X_THUMB_MCP,Y_THUMB_MCP,Z_THUMB_MCP,X_THUMB_IP,Y_THUMB_IP,Z_THUMB_IP,X_THUMB_TIP,Y_THUMB_TIP,Z_THUMB_TIP,X_INDEX_MCP,Y_INDEX_MCP,Z_INDEX_MCP,X_INDEX_PIP,Y_INDEX_PIP,Z_INDEX_PIP,X_INDEX_DIP,Y_INDEX_DIP,Z_INDEX_DIP,X_INDEX_TIP,Y_INDEX_TIP,Z_INDEX_TIP,X_MIDDLE_MCP,Y_MIDDLE_MCP,Z_MIDDLE_MCP,X_MIDDLE_PIP,Y_MIDDLE_PIP,Z_MIDDLE_PIP,X_MIDDLE_DIP,Y_MIDDLE_DIP,Z_MIDDLE_DIP,X_MIDDLE_TIP,Y_MIDDLE_TIP,Z_MIDDLE_TIP,X_RING_MCP,Y_RING_MCP,Z_RING_MCP,X_RING_TIP,Y_RING_TIP,Z_RING_TIP,X_RING_DIP,Y_RING_DIP,Z_RING_DIP,X_RING_TIP,Y_RING_TIP,Z_RING_TIP,X_PINKY_MCP,Y_PINKY_MCP,Z_PINKY_MCP,X_PINKY_PIP,Y_PINKY_PIP,Z_PINKY_PIP,X_PINKY_DIP,Y_PINKY_DIP,Z_PINKY_DIP,X_PINKY_TIP,Y_PINKY_TIP,Z_PINKY_TIP
NA
NA
3,  score: 0.8890681862831116,"  label: ""Left""",66,0.4113994538784027,0.6328557729721069,-1.2041310583299492e-05,0.40598419308662415,0.6623652577400208,0.031179051846265793,0.40752628445625305,0.6915738582611084,0.04927531257271767,0.40930506587028503,0.7115171551704407,0.06091972813010216,0.41016533970832825,0.722643256187439,0.07118843495845795,0.4140273630619049,0.7133503556251526,0.040752753615379333,0.41824018955230713,0.7402518391609192,0.05678075551986694,0.41863763332366943,0.7390817403793335,0.06581827253103256,0.4168224036693573,0.7345015406608582,0.06912890821695328,0.41809967160224915,0.7114316821098328,0.0297206062823534,0.425575315952301,0.7404839396476746,0.051625993102788925,0.4242906868457794,0.732395589351654,0.0618613176047802,0.4203811585903168,0.7201228737831116,0.06609056890010834,0.42218783497810364,0.7060045003890991,0.020837895572185516,0.42872723937034607,0.7315602898597717,0.04116370156407356,0.4270249605178833,0.7264161705970764,0.053428612649440765,0.42383861541748047,0.7168114185333252,0.05678671970963478,0.42562150955200195,0.697359561920166,0.0134612787514925,0.4298349618911743,0.7165102958679199,0.029250366613268852,0.42839062213897705,0.715483546257019,0.041703514754772186,0.4252587854862213,0.7088240385055542,0.048544663935899734
