index,confidence,hand,time,X_WRIST,Y_WRIST,Z_WRIST,X_THUMB_CMC,Y_THUMB_CMC,Z_THUMB_CMC,X_THUMB_MCP,Y_THUMB_MCP,Z_THUMB_MCP,X_THUMB_IP,Y_THUMB_IP,Z_THUMB_IP,X_THUMB_TIP,Y_THUMB_TIP,Z_THUMB_TIP,X_INDEX_MCP,Y_INDEX_MCP,Z_INDEX_MCP,X_INDEX_PIP,Y_INDEX_PIP,Z_INDEX_PIP,X_INDEX_DIP,Y_INDEX_DIP,Z_INDEX_DIP,X_INDEX_TIP,Y_INDEX_TIP,Z_INDEX_TIP,X_MIDDLE_MCP,Y_MIDDLE_MCP,Z_MIDDLE_MCP,X_MIDDLE_PIP,Y_MIDDLE_PIP,Z_MIDDLE_PIP,X_MIDDLE_DIP,Y_MIDDLE_DIP,Z_MIDDLE_DIP,X_MIDDLE_TIP,Y_MIDDLE_TIP,Z_MIDDLE_TIP,X_RING_MCP,Y_RING_MCP,Z_RING_MCP,X_RING_TIP,Y_RING_TIP,Z_RING_TIP,X_RING_DIP,Y_RING_DIP,Z_RING_DIP,X_RING_TIP,Y_RING_TIP,Z_RING_TIP,X_PINKY_MCP,Y_PINKY_MCP,Z_PINKY_MCP,X_PINKY_PIP,Y_PINKY_PIP,Z_PINKY_PIP,X_PINKY_DIP,Y_PINKY_DIP,Z_PINKY_DIP,X_PINKY_TIP,Y_PINKY_TIP,Z_PINKY_TIP
NA
NA
NA
NA
NA
NA
NA
NA
NA
NA
NA
NA
NA
NA
NA
NA
NA
NA
NA
NA
NA
NA
NA
NA
25,  score: 0.9999991059303284,"  label: ""Right""",792,0.9482547044754028,0.26963871717453003,-2.3289476303034462e-05,0.930017352104187,0.22410407662391663,0.008344793692231178,0.908709704875946,0.20387431979179382,0.006401547230780125,0.886302649974823,0.20031510293483734,0.0078077372163534164,0.8740291595458984,0.2075885683298111,0.012844533659517765,0.8948262333869934,0.23415729403495789,-0.04029475897550583,0.8578161001205444,0.2247782200574875,-0.027125613763928413,0.8665293455123901,0.2189701646566391,-9.942518954630941e-05,0.8791500926017761,0.22031302750110626,0.01854979433119297,0.8906379342079163,0.2649827301502228,-0.04041936621069908,0.8515507578849792,0.2592093050479889,-0.03226768970489502,0.8608009219169617,0.25166451930999756,-0.008188861422240734,0.8741699457168579,0.2518731653690338,0.005785717628896236,0.89069002866745,0.2912774980068207,-0.03699189051985741,0.854162871837616,0.2899491488933563,-0.02920893020927906,0.8621266484260559,0.2818460762500763,-0.009198280051350594,0.8744823932647705,0.2813563942909241,0.0013234972720965743,0.8944414854049683,0.31233489513397217,-0.030254123732447624,0.8661403656005859,0.3175433278083801,-0.02570924162864685,0.8693803548812866,0.3117721974849701,-0.015416326001286507,0.8781869411468506,0.3087179660797119,-0.006878384854644537
NA
NA
NA
NA
NA
NA
NA
NA
NA
NA
NA
NA
NA
NA
NA
NA
NA
NA
NA
NA
NA
NA
NA
NA
NA
NA
NA
NA
