index,confidence,hand,time,X_WRIST,Y_WRIST,Z_WRIST,X_THUMB_CMC,Y_THUMB_CMC,Z_THUMB_CMC,X_THUMB_MCP,Y_THUMB_MCP,Z_THUMB_MCP,X_THUMB_IP,Y_THUMB_IP,Z_THUMB_IP,X_THUMB_TIP,Y_THUMB_TIP,Z_THUMB_TIP,X_INDEX_MCP,Y_INDEX_MCP,Z_INDEX_MCP,X_INDEX_PIP,Y_INDEX_PIP,Z_INDEX_PIP,X_INDEX_DIP,Y_INDEX_DIP,Z_INDEX_DIP,X_INDEX_TIP,Y_INDEX_TIP,Z_INDEX_TIP,X_MIDDLE_MCP,Y_MIDDLE_MCP,Z_MIDDLE_MCP,X_MIDDLE_PIP,Y_MIDDLE_PIP,Z_MIDDLE_PIP,X_MIDDLE_DIP,Y_MIDDLE_DIP,Z_MIDDLE_DIP,X_MIDDLE_TIP,Y_MIDDLE_TIP,Z_MIDDLE_TIP,X_RING_MCP,Y_RING_MCP,Z_RING_MCP,X_RING_TIP,Y_RING_TIP,Z_RING_TIP,X_RING_DIP,Y_RING_DIP,Z_RING_DIP,X_RING_TIP,Y_RING_TIP,Z_RING_TIP,X_PINKY_MCP,Y_PINKY_MCP,Z_PINKY_MCP,X_PINKY_PIP,Y_PINKY_PIP,Z_PINKY_PIP,X_PINKY_DIP,Y_PINKY_DIP,Z_PINKY_DIP,X_PINKY_TIP,Y_PINKY_TIP,Z_PINKY_TIP
NA
NA
NA
NA
NA
6,  score: 0.9998268485069275,"  label: ""Left""",165,0.5148165225982666,0.6907027363777161,-2.19097582885297e-05,0.4862973093986511,0.6908900141716003,-0.03664647787809372,0.46769317984580994,0.6760534048080444,-0.06827039271593094,0.4629676938056946,0.6546236276626587,-0.09333633631467819,0.4638229012489319,0.6388693451881409,-0.11770788580179214,0.46963047981262207,0.6674183011054993,-0.09667991101741791,0.4607694149017334,0.6420140862464905,-0.13499139249324799,0.4622783660888672,0.630959153175354,-0.1542358696460724,0.4680391848087311,0.6301576495170593,-0.1644538789987564,0.4867716133594513,0.6539968252182007,-0.08882983773946762,0.47587743401527405,0.6159157156944275,-0.12498573958873749,0.47772976756095886,0.6103007197380066,-0.13472817838191986,0.4830780625343323,0.616751492023468,-0.14044009149074554,0.5039404034614563,0.6447064280509949,-0.08125419169664383,0.49100276827812195,0.6055629253387451,-0.1104576513171196,0.49101582169532776,0.608919620513916,-0.11424659192562103,0.4943556785583496,0.620429515838623,-0.11562088876962662,0.5188612937927246,0.6392990946769714,-0.0752171203494072,0.5099198222160339,0.6126804351806641,-0.09532587230205536,0.5054020881652832,0.6135848760604858,-0.10177449882030487,0.5029519200325012,0.6208617091178894,-0.10812174528837204
NA
NA
NA
NA
