index,confidence,hand,time,X_WRIST,Y_WRIST,Z_WRIST,X_THUMB_CMC,Y_THUMB_CMC,Z_THUMB_CMC,X_THUMB_MCP,Y_THUMB_MCP,Z_THUMB_MCP,X_THUMB_IP,Y_THUMB_IP,Z_THUMB_IP,X_THUMB_TIP,Y_THUMB_TIP,Z_THUMB_TIP,X_INDEX_MCP,Y_INDEX_MCP,Z_INDEX_MCP,X_INDEX_PIP,Y_INDEX_PIP,Z_INDEX_PIP,X_INDEX_DIP,Y_INDEX_DIP,Z_INDEX_DIP,X_INDEX_TIP,Y_INDEX_TIP,Z_INDEX_TIP,X_MIDDLE_MCP,Y_MIDDLE_MCP,Z_MIDDLE_MCP,X_MIDDLE_PIP,Y_MIDDLE_PIP,Z_MIDDLE_PIP,X_MIDDLE_DIP,Y_MIDDLE_DIP,Z_MIDDLE_DIP,X_MIDDLE_TIP,Y_MIDDLE_TIP,Z_MIDDLE_TIP,X_RING_MCP,Y_RING_MCP,Z_RING_MCP,X_RING_TIP,Y_RING_TIP,Z_RING_TIP,X_RING_DIP,Y_RING_DIP,Z_RING_DIP,X_RING_TIP,Y_RING_TIP,Z_RING_TIP,X_PINKY_MCP,Y_PINKY_MCP,Z_PINKY_MCP,X_PINKY_PIP,Y_PINKY_PIP,Z_PINKY_PIP,X_PINKY_DIP,Y_PINKY_DIP,Z_PINKY_DIP,X_PINKY_TIP,Y_PINKY_TIP,Z_PINKY_TIP
NA
NA
NA
NA
5,  score: 1.0,"  label: ""Right""",132,0.632733941078186,0.40612685680389404,1.5343466657213867e-05,0.6074113249778748,0.3768252730369568,-0.0005121788708493114,0.5991789102554321,0.34333452582359314,-0.008746812120079994,0.5874062776565552,0.3177714943885803,-0.018438588827848434,0.5800538659095764,0.30357247591018677,-0.0265728160738945,0.6379113793373108,0.3178868889808655,-0.039499539881944656,0.6097441911697388,0.28612014651298523,-0.0420866534113884,0.6000546216964722,0.3008265793323517,-0.02955622225999832,0.6033134460449219,0.3146848976612091,-0.02363419532775879,0.6458578109741211,0.32026222348213196,-0.04511807858943939,0.6119003295898438,0.28123608231544495,-0.044154275208711624,0.6010104417800903,0.29826024174690247,-0.029952730983495712,0.6044663190841675,0.3145156800746918,-0.025334225967526436,0.6462498307228088,0.3238658308982849,-0.04895945265889168,0.6141471862792969,0.2854660749435425,-0.04697411507368088,0.6048163175582886,0.30161938071250916,-0.03312590345740318,0.6086734533309937,0.3166366219520569,-0.02806834690272808,0.640405535697937,0.3276500999927521,-0.052544090896844864,0.6177822947502136,0.29815611243247986,-0.05405157059431076,0.6086382269859314,0.30963167548179626,-0.048093561083078384,0.6095267534255981,0.3218931555747986,-0.044780053198337555
NA
NA
NA
NA
